{
  "fecha_analisis": "2025-07-18T16:16:14.805283",
  "patrones_reales": {
    "pedidos_por_dia": {
      "0": 368,
      "1": 245,
      "2": 227,
      "3": 235,
      "4": 228,
      "5": 168
    },
    "pedidos_por_mes": {
      "1": 175,
      "2": 185,
      "3": 162,
      "4": 164,
      "5": 166,
      "6": 146,
      "7": 93,
      "10": 6,
      "11": 183,
      "12": 191
    },
    "promedio_general": 7.246305418719212,
    "mediana": 7.0,
    "desviacion_estandar": 3.445246926056991,
    "variabilidad_por_dia": {
      "0": 0.38574143531669614,
      "1": 0.4504233036389041,
      "2": 0.3927087933752737,
      "3": 0.38587201392886367,
      "4": 0.4923586310958619,
      "5": 0.5642145761351273
    },
    "datos_por_fecha": 